{
  "version": 1,
  "author": "Anonymous maker",
  "editor": "wokwi",
  "parts": [
    {
      "type": "board-esp32-devkit-c-v4",
      "id": "esp",
      "top": -57.6,
      "left": 129.64,
      "attrs": { "builder": "esp-idf" }
    },
    { "type": "wokwi-hc-sr04", "id": "ultrasonic1", "top": -36.9, "left": -90.5, "attrs": {} }
  ],
  "connections": [
    [ "esp:TX", "$serialMonitor:RX", "", [] ],
    [ "esp:RX", "$serialMonitor:TX", "", [] ],
    [ "ultrasonic1:VCC", "esp:5V", "red", [ "v0" ] ],
    [ "ultrasonic1:GND", "esp:GND.1", "black", [ "v0" ] ],
    [ "ultrasonic1:TRIG", "esp:12", "green", [ "v0" ] ],
    [ "ultrasonic1:ECHO", "esp:14", "green", [ "v0" ] ]
  ],
  "dependencies": {}
}